מוסד,רשות,מחוז תקשוב,מגזר,שם מפקח,שם מנהל,מספר כיתות בשכבה,מספר תלמידים בשכבה,תלמידים שביצעו משימה אחת לפחות,ממוצע משימות לתלמיד
111328-כרמי יהודה,גוש עציון,ירושלים,יהודי,יעקב מאיר קושלבסקי,אביתר חיים קלין,4,83,65,4.5
111393-נועם בנות ק.משה,ירושלים,העיר ירושלים,יהודי,יואל דוב ורצברגר,אורית ווייל,3,80,75,5.9
"111450-גוונים מ""מ",קרית ארבע,ירושלים,יהודי,דורית מרגלית רזיאל אלישר,ענבל גונן,1,11,9,1.4
112151-מצפה יריחו,מטה בנימין,ירושלים,יהודי,יוסף יעקב שינובר,יוסף יהושע יחזק פלהימר,1,21,0,0.0
112250-עשה חייל,אפרת,ירושלים,יהודי,יעקב מאיר קושלבסקי,תרזה שפרה פרנקל,3,61,7,1.3
112516-מבוא חורון,מטה בנימין,ירושלים,יהודי,יוסף יעקב שינובר,ערן מרגלית,1,22,1,1.0
"112953-אהבת ישראל (חרד""ל)",ירושלים,העיר ירושלים,יהודי,יואל דוב ורצברגר,גיא רפאלוב,2,45,0,0.0
113217-הר נוף ממד בנות,ירושלים,העיר ירושלים,יהודי,יואל דוב ורצברגר,ברוריה בס,2,60,32,1.8
113324-בית-אל בנים,בית אל,ירושלים,יהודי,יוסף יעקב שינובר,ירון גיאת,3,73,49,1.0
113787-כוכב יעקב בנות,מטה בנימין,ירושלים,יהודי,יוסף יעקב שינובר,דן אפרים בירנבאום,2,23,0,0.0
114058-אריאל,אפרת,ירושלים,יהודי,יעקב מאיר קושלבסקי,שולמית גיטל פרוינד,1,29,26,2.9
114173-אורות עציון בנים,אפרת,ירושלים,יהודי,יעקב מאיר קושלבסקי,משה גוטליב,4,96,12,1.1
114249-אורות עציון בנות,אפרת,ירושלים,יהודי,יעקב מאיר קושלבסקי,דבורה פרידמן,3,63,50,3.4
118042-אום טובא,ירושלים,העיר ירושלים,ערבי,מחמד אזברגה,וליד אבו טיר,4,99,15,1.7
118067-אחמד סאמח אלחלדי,ירושלים,העיר ירושלים,ערבי,מחמד אזברגה,ווסים רישק,3,60,40,1.0
118125-טור מכין לבנים,ירושלים,העיר ירושלים,ערבי,נור ח'טיב,כאלד ראשיד,2,43,0,0.0
118133-טור מכין לבנות,ירושלים,העיר ירושלים,ערבי,נור ח'טיב,מנאל פתיאני,3,90,90,5.8
118158-איבן אל-היית'ם,ירושלים,העיר ירושלים,ערבי,רנה ח'לף,אסאמה סביטאני,7,157,107,2.0
118208-סלואן מכין לבנות,ירושלים,העיר ירושלים,ערבי,מחמד אזברגה,פאטמה פתיחה,3,72,13,1.0
118240-צור באהר מכין,ירושלים,העיר ירושלים,ערבי,מחמד אזברגה,עארף אבו חאמד,3,96,89,5.1
118281-שעפט לבנות א,ירושלים,העיר ירושלים,ערבי,ח'לדון האדיה,סוזאן כטיב,4,104,22,2.7
118299-אלתורי לבנות,ירושלים,העיר ירושלים,ערבי,מחמד אזברגה,מהא סלמן,4,101,49,3.6
118307-עמריה,ירושלים,העיר ירושלים,ערבי,ח'לדון האדיה,נפיסה סעידה,3,47,30,5.8
118331-מולויה לבנות,ירושלים,העיר ירושלים,ערבי,ח'לדון האדיה,מוראד חמודה,2,47,47,6.4
140012-אולפנא תורנית חורב,ירושלים,העיר ירושלים,יהודי,שרה טוויל,עודד עוזיאל מיזליש,5,133,102,3.5
140038-עירוני דתי רוטשילד,ירושלים,העיר ירושלים,יהודי,אריה משה מארק,שולמית אייזקס,2,48,40,2.9
140046-עירוני ג',ירושלים,העיר ירושלים,יהודי,דוד נמרוד-סימרוט,רננה אורון,3,44,21,1.7
140053-אקדמיה למוסיקה,ירושלים,העיר ירושלים,יהודי,דוד נמרוד-סימרוט,אילנה אוריצקי,2,43,1,1.0
140061-תכון ליד האוניברסיטה,ירושלים,העיר ירושלים,יהודי,דוד נמרוד-סימרוט,ארז הקר,7,176,1,1.0
140079-הגמנסיה העברית,ירושלים,העיר ירושלים,יהודי,דוד נמרוד-סימרוט,עופר טס,6,142,66,1.5
140087-רנה קסין דרכא,ירושלים,העיר ירושלים,יהודי,דוד נמרוד-סימרוט,שגיא כהן,4,88,19,1.0
"140103-תיכון ע""ש בויאר",ירושלים,העיר ירושלים,יהודי,דוד נמרוד-סימרוט,דפנה מנשה-ברוך,3,100,43,1.0
140129-קרית נוער ירושלים,ירושלים,העיר ירושלים,יהודי,אריה משה מארק,אביחי חרזי,4,83,25,1.7
140137-ישיבת נתיב מאיר,ירושלים,העיר ירושלים,יהודי,אריה משה מארק,משה מאיר וייס,3,55,1,1.0
140145-ישיבת חורב,ירושלים,העיר ירושלים,יהודי,אריה משה מארק,יצחק דור,4,96,39,2.0
"140186-תורני ע""ש פ. הימלפרב",ירושלים,העיר ירושלים,יהודי,אריה משה מארק,שלמה דנינו,5,131,111,1.7
140202-עתיד שחר בית שמש,בית שמש,ירושלים,יהודי,תמר אודס,אלינור ביטון,3,58,39,1.0
140236-תורני נסויי בנות פלך,ירושלים,העיר ירושלים,יהודי,אריה משה מארק,יעל-סופי פפר,4,102,29,1.7
140277-מדרשיית עמליה,ירושלים,העיר ירושלים,יהודי,שרה טוויל,יעל פרגון,2,41,25,4.4
140491-אולפנת צביה ירושלים,ירושלים,העיר ירושלים,יהודי,שרה טוויל,עירית הלוי,1,32,31,2.5
140665-אולפנא לבנות,קרית ארבע,ירושלים,יהודי,יעקב עמר,שילה דגנית הלוי,4,77,61,3.2
"140723-מקיף ע""ש זיו",ירושלים,העיר ירושלים,יהודי,דוד נמרוד-סימרוט,אורן לאלו,6,174,145,1.9
140731-מקיף גילה,ירושלים,העיר ירושלים,יהודי,דוד נמרוד-סימרוט,אייל רייכמן,3,57,37,1.0
140806-תיכון לאומנויות,ירושלים,העיר ירושלים,יהודי,דוד נמרוד-סימרוט,תומר בליטי דגן,4,92,11,1.5
"140855-חט""ב מבשרת",מבשרת ציון,ירושלים,יהודי,ציפי יעקב,גליה שניידר,9,261,180,2.9
140863-עמל דקל וילנאי,מעלה אדומים,ירושלים,יהודי,ציפי יעקב,דינה זייצב,7,178,158,4.0
140871-תיכון גבעת גונן,ירושלים,העיר ירושלים,יהודי,דוד נמרוד-סימרוט,אוהד הופמן,3,57,39,2.7
"140889-חט""ב בנים קרית ארבע",קרית ארבע,ירושלים,יהודי,יעקב עמר,מנחם סעדיה,3,72,52,2.5
"140939-ישיבת בנ""ע מטה בנימין",מטה בנימין,ירושלים,יהודי,יעקב עמר,נסים ניצן ימין,4,83,0,0.0
140962-עירוני מסורתי,ירושלים,העיר ירושלים,יהודי,דוד נמרוד-סימרוט,יאיר אלברטון,3,50,27,2.3
140970-אולפנא עופרה,מטה בנימין,ירושלים,יהודי,יעקב עמר,אביה זאב ששר,7,136,104,2.5
"141002-חט""ב יצחק רבין",גבעת זאב,ירושלים,יהודי,ציפי יעקב,מזל רחל שמש,1,27,18,1.6
141010-חטב מכללת אורט גבעת רם ירושלים,ירושלים,העיר ירושלים,יהודי,דוד נמרוד-סימרוט,מיכל דלאל,3,67,56,7.2
141168-תורני לבנות ב.שולמית,ירושלים,העיר ירושלים,יהודי,אריה משה מארק,אמיתי יצחק שחור,1,36,24,1.4
141176-אולפנת צביה מ. אדומים,מעלה אדומים,ירושלים,יהודי,יעקב עמר,שלמה נריה ירושלים,3,74,52,1.4
141309-עירוני פסגת זאב,ירושלים,העיר ירושלים,יהודי,דוד נמרוד-סימרוט,סוניה רפאלי,4,77,45,1.9
141390-מדרשיית עלמא אמונה,ירושלים,העיר ירושלים,יהודי,שרה טוויל,הדס גודמן,3,91,28,3.0
141499-אור תורה סטון לבנים,ירושלים,העיר ירושלים,יהודי,אריה משה מארק,יהונתן יפת,3,46,18,2.4
141549-אור תורה סטון לבנות,ירושלים,העיר ירושלים,יהודי,שרה טוויל,חנה עסיס,4,131,127,4.0
141754-ישיבה תיכ' תורה ומדע,ירושלים,העיר ירושלים,יהודי,שרה טוויל,רפאל עמיחי בובליל,1,33,28,2.9
143404-אהל שילה בנים,מטה בנימין,ירושלים,יהודי,יוסף יעקב שינובר,רפאל ממן,2,61,0,0.0
144097-המרכז הישראלי למצוינות בחינוך,ירושלים,העיר ירושלים,יהודי,דוד נמרוד-סימרוט,נועה שפי,2,56,0,0.0
144220-תורני נסויי הרטמן,ירושלים,העיר ירושלים,יהודי,שרה טוויל,שאול דוד,3,67,19,3.4
144329-תיכון מכבים רעות,מודיעין מכבים רעות,ירושלים,יהודי,ציפי יעקב,רוני אהרון פולט,7,181,148,6.6
144428-ישיבת צביה מ.אדומים,מעלה אדומים,ירושלים,יהודי,יעקב עמר,יוסף מנחם פרנקל,3,66,14,1.9
144592-קדמה ירושלים,ירושלים,העיר ירושלים,יהודי,דוד נמרוד-סימרוט,מיכל חדאד,1,18,17,3.2
144600-ישיבה שעלי תורה,בית שמש,ירושלים,יהודי,תמר אודס,תומר זאבי,4,92,60,2.3
144626-תבל גבעה צרפתית,ירושלים,העיר ירושלים,יהודי,דוד נמרוד-סימרוט,נחמה נשי נפתלי,2,32,0,0.0
"144675-ע""ש יצחק רבין עי""ס",מודיעין מכבים רעות,ירושלים,יהודי,ציפי יעקב,רבקה ריקי נגרי,6,197,176,4.6
144683-עירוני א',מודיעין מכבים רעות,ירושלים,יהודי,ציפי יעקב,דביר שלומי,7,234,210,3.1
144691-ישיבת נעם,ירושלים,העיר ירושלים,יהודי,אריה משה מארק,אבישי סגל,4,80,18,2.4
"144717-אולפנת בנ""ע אורות מודיעין",מודיעין מכבים רעות,ירושלים,יהודי,תמר אודס,סגלית נחום,5,131,87,1.5
"144741-ע""ש רא""ל מרדכי גור",מודיעין מכבים רעות,ירושלים,יהודי,ציפי יעקב,שרית סנואני,6,184,146,2.2
"144758-ישיבת בנ""ע פסגת זאב",ירושלים,העיר ירושלים,יהודי,שרה טוויל,רענן-יוסף שרמן,2,45,0,0.0
"144766-ישיבת בנ""ע נר תמיד חשמונאים",מטה בנימין,ירושלים,יהודי,תמר אודס,איתמר ליברמן,4,102,15,2.7
148056-תיכון בית צפאפא,ירושלים,העיר ירושלים,ערבי,נגוהה פרחאת,האשם בדר,8,190,101,6.1
148080-מקיף אבו גוש,אבו גוש,ירושלים,ערבי,ציפי יעקב,ווגיהה איברהים,4,78,59,1.9
148155-תיכון שועפט,ירושלים,העיר ירושלים,ערבי,ענאן קאסם,נאדר נירוך,6,192,187,6.9
148197-מקיף בית חנינה,ירושלים,העיר ירושלים,ערבי,ענאן קאסם,מגדי עוויסאת,5,130,58,2.2
148247-מקיף שש שנתי אלטור לבנים,ירושלים,העיר ירושלים,ערבי,ענאן קאסם,מוחמד דעיס,6,146,48,4.2
148254-שועפט בנות ב',ירושלים,העיר ירושלים,ערבי,ח'לדון האדיה,מיסון חלאק,4,114,33,5.2
148262-אלעלא,ירושלים,העיר ירושלים,ערבי,ענאן קאסם,סלאם עיד,2,52,34,2.3
148288-כפר עקב,ירושלים,העיר ירושלים,ערבי,ח'לדון האדיה,אוסאמה טוטח,3,119,24,1.1
160242-מקיף קשת,ירושלים,העיר ירושלים,יהודי,דוד נמרוד-סימרוט,אורית צילה סומר,3,67,1,4.0
160259-ליבי,ירושלים,העיר ירושלים,יהודי,שרה טוויל,ענבל ישראלי,3,57,0,0.0
160416-רעות קהילה דתית,ירושלים,העיר ירושלים,יהודי,דוד נמרוד-סימרוט,עמיעד יעקב מלצר,5,108,95,2.0
160432-ברנקו וייס מקיף בית שמש,בית שמש,ירושלים,יהודי,ציפי יעקב,שמעון ויס,7,159,119,2.0
160473-אלוואדי למצוינות,ירושלים,העיר ירושלים,ערבי,ענאן קאסם,עבדלרחמן אחסין,3,83,76,7.3
"160549-אמי""ת איתן",מעלה אדומים,ירושלים,יהודי,יעקב עמר,שלמה אליהו דהן,4,85,30,1.1
160598-ארץ הצבי,ירושלים,העיר ירושלים,יהודי,שרה טוויל,יוסף איזמן,2,32,2,1.0
160739-מנזר רוזרי,ירושלים,העיר ירושלים,ערבי,ענאן קאסם,הודה קיקיה,3,120,0,0.0
"165852-ישיבת בנ""ע לפיד מודיעין",מודיעין מכבים רעות,ירושלים,יהודי,תמר אודס,שמואל חיים רוזנבלום,7,198,69,2.0
168021-צור באהר בנות,ירושלים,העיר ירושלים,ערבי,מחמד אזברגה,הנאדי יעיש,2,40,0,0.0
168419-אולפנת צביה יצירתית,ירושלים,העיר ירושלים,יהודי,אריה משה מארק,צפורה כהן,3,71,45,1.0
170043-תיכון שחרית,ירושלים,העיר ירושלים,יהודי,אריה משה מארק,רני חזון וייס,3,50,36,1.9
"170092-קשת ראם ע""ש אליס סליגסברג",ירושלים,העיר ירושלים,יהודי,דוד נמרוד-סימרוט,גלית חזיזה קמיניץ,4,82,15,1.5
170399-חטיב אורט מינקןף,ירושלים,העיר ירושלים,יהודי,דוד נמרוד-סימרוט,תמר כספי,6,182,102,1.1
170514-אורט פלך בנים ספניאן,ירושלים,העיר ירושלים,יהודי,שרה טוויל,דורון לופז,4,90,67,1.5
170803-עמל תעופה וחלל,מעלה אדומים,ירושלים,יהודי,ציפי יעקב,יהודית אילוק,7,184,149,4.1
178178-סאחורה מכין בנות,ירושלים,העיר ירושלים,ערבי,רנה ח'לף,אמאל אשקיראת,7,185,169,3.3
179754-כפר עקב חדש,ירושלים,העיר ירושלים,ערבי,ח'לדון האדיה,אמאני פלאח,3,85,85,3.0
186395-ראשית,גוש עציון,ירושלים,יהודי,יעקב מאיר קושלבסקי,שרה אבישי,2,51,0,0.0
186908-אולפנא בני עקיבא נריה,מטה בנימין,ירושלים,יהודי,תמר אודס,יניב כהן,6,111,94,2.4
"188086-דמוקרטי ע""ש נדב",מודיעין מכבים רעות,ירושלים,יהודי,טל כהן,מירב ניר הוד,1,34,0,0.0
"192997-חט""ב עיסוויה בנים",ירושלים,העיר ירושלים,ערבי,ענאן קאסם,חדר עביד,5,153,144,2.9
193003-מקיף עיסוואיה לבנות,ירושלים,העיר ירושלים,ערבי,ענאן קאסם,פאטמה עבידאת,6,148,123,4.1
193185-אולפנת שעלי תורה,בית שמש,ירושלים,יהודי,תמר אודס,אלעד בן אליהו,4,87,47,1.6
"198085-חט""ב ראס אל-עמוד",ירושלים,העיר ירושלים,ערבי,רנה ח'לף,סאלח סאלח,6,135,0,0.0
198192-תיכון צור באהר,ירושלים,העיר ירושלים,ערבי,רנה ח'לף,היתאם סלאמה,6,130,96,4.3
237354-תיכון יחד,מודיעין מכבים רעות,ירושלים,יהודי,ציפי יעקב,שגיב אלבז,4,136,120,1.5
238121-אולפנת נוגה,מטה יהודה,ירושלים,יהודי,תמר אודס,מרים לאה קורן,5,131,24,1.1
239871-סמהר לבנות,ירושלים,העיר ירושלים,ערבי,ענאן קאסם,אמאל טחאן,3,106,79,5.9
246041-אהבת ישראל,ירושלים,העיר ירושלים,יהודי,שירה יזדי,סיון דוד,1,27,25,3.1
267930-אלמוסתקבל אלאהלייה,ירושלים,העיר ירושלים,ערבי,ענאן קאסם,ענאיה אבו סנינה,1,29,0,0.0
"267955-ביה""ס אמליסון",ירושלים,העיר ירושלים,ערבי,מחמד אזברגה,וסים עלי,1,22,0,0.0
338418-עתיד דביר בנים,בית שמש,ירושלים,יהודי,תמר אודס,אברהם שושן,4,79,65,3.6
338483-אבו חאמד אלגזאלי,ירושלים,העיר ירושלים,ערבי,מחמד אזברגה,שירין אבראהים,2,31,0,0.0
"338509-חט""ב לבונה",בית אריה,ירושלים,יהודי,ציפי יעקב,חן בן שמעון,4,76,67,4.3
"338616-שש שנתי אמי""ת בנות",מעלה אדומים,ירושלים,יהודי,יעקב עמר,רונית תשובה,4,77,50,1.4
344911-אורט עירוני ד,מודיעין מכבים רעות,ירושלים,יהודי,ציפי יעקב,צופית חדד,7,205,190,3.9
346494-תיכון יד ביד,ירושלים,העיר ירושלים,יהודי,דוד נמרוד-סימרוט,דניאל עמוס דה שליט,2,52,16,2.6
347757-סאדברי ירושלים,ירושלים,העיר ירושלים,יהודי,אסנת עוזיאל,שחר יצחק גרוסמן,1,12,1,1.0
353458-יסודי שועפט,ירושלים,העיר ירושלים,ערבי,ענאן קאסם,מופיד אבו גוש,2,45,29,1.2
353599-אהבת ישראל,בית שמש,ירושלים,יהודי,תמר אודס,עמיחי רוזנפלד,2,51,31,4.9
362046-רנסנס,ירושלים,העיר ירושלים,ערבי,ענאן קאסם,אסמת גחלב,2,49,39,1.3
417832-חן נריה,גוש עציון,ירושלים,יהודי,יעקב מאיר קושלבסקי,רוחמה ווגל,2,62,62,5.2
420018-על יסודי צור הדסה,צור הדסה,ירושלים,יהודי,ציפי יעקב,דביר קפלן,6,135,0,0.0
430074-מקור התקווה,ירושלים,העיר ירושלים,יהודי,שמחה שגית קליימן,יואל רוסו,1,9,0,0.0
"440784-ראס אלעמוד ע""ס לבנות",ירושלים,העיר ירושלים,ערבי,רנה ח'לף,אריג' ארנאוט,5,111,39,3.0
"442780-אמי""ת בנות מודיעין",מודיעין מכבים רעות,ירושלים,יהודי,תמר אודס,ליאת כהן וגשל,6,135,88,1.9
442822-ברנקו וייס עין נקובה,מטה יהודה,ירושלים,ערבי,ציפי יעקב,איהאב אלזיאדנה,4,84,40,2.0
442855-הרטמן בנות,ירושלים,העיר ירושלים,יהודי,שרה טוויל,מיכל הרטמן,3,89,59,2.1
"450270-אמי""ת בנים מודיעין",מודיעין מכבים רעות,ירושלים,יהודי,תמר אודס,ליאור שמעון צ'קוטאי,4,117,68,1.2
460667-אולפנת אהבת ישראל,בית שמש,ירושלים,יהודי,תמר אודס,ורדית כהנא,2,65,53,1.9
477901-מקיף בית חנינה לבנות,ירושלים,העיר ירושלים,ערבי,ענאן קאסם,ליאנא האשם,6,163,83,4.2
478909-בית ספר יסודי נור אל,ירושלים,העיר ירושלים,ערבי,מחמד אזברגה,נדאא אבו כף,1,20,0,0.0
"499897-בי""ס אשרקאת אלג'ד",ירושלים,העיר ירושלים,ערבי,ענאן קאסם,מאגדה אבראהים חדר,1,36,0,0.0
511550-אום טובה לבנות,ירושלים,העיר ירושלים,ערבי,מחמד אזברגה,מחמד אבו טיר,3,97,62,1.2
511618-נווה הראל,גוש עציון,ירושלים,יהודי,יעקב מאיר קושלבסקי,צפורה זקש,2,46,0,0.0
512343-יסודי אלמסתקבל שועפט,ירושלים,העיר ירושלים,ערבי,ענאן קאסם,נג'את עמורה,1,31,0,0.0
512459-הניסויי כפר אדומים,מטה בנימין,ירושלים,יהודי,יוסף יעקב שינובר,נועם שכטר,5,106,71,2.0
512509-קדם,גוש עציון,ירושלים,יהודי,יעקב מאיר קושלבסקי,אהרון פרידלנדר,2,42,30,2.2
"540500-ע""ש יצחק נבון מודיעין",מודיעין מכבים רעות,ירושלים,יהודי,ציפי יעקב,ענבל לוי,6,181,91,1.8
611871-מבוא חורון בנות,מטה בנימין,ירושלים,יהודי,יוסף יעקב שינובר,אורה קראוז,2,40,2,2.0
615948-ישיבת מקור חיים,ירושלים,העיר ירושלים,יהודי,שרה טוויל,יהונתן גוטמן,3,100,75,4.0
"615955-אח""י תקוע 2",גוש עציון,ירושלים,יהודי,יעקב מאיר קושלבסקי,יהונתן אהוביה רוזנק,6,113,0,0.0
"615971-חב""ד בנות",בית שמש,ירושלים,יהודי,מרים ויצמן,חנה אריה,2,32,0,0.0
616151-נווה השחר,גוש עציון,ירושלים,יהודי,יעקב מאיר קושלבסקי,טליה נחמה שקד,2,64,55,4.7
616508-אלסופרא,ירושלים,העיר ירושלים,ערבי,ח'לדון האדיה,רובא חשים אבו דייה,3,86,83,2.2
616961-ארתיקאא לשפות,ירושלים,העיר ירושלים,ערבי,ח'לדון האדיה,מלכה טרביה עזאם,2,36,33,4.1
617019-אשבאל אלקודס,ירושלים,העיר ירושלים,ערבי,נור ח'טיב,מחמד הרבוק,2,49,43,4.0
634840-חיואר,ירושלים,העיר ירושלים,ערבי,ענאן קאסם,מנאל דראושה,2,49,47,5.2
634857-אלפא,ירושלים,העיר ירושלים,ערבי,נור ח'טיב,אקרם אבראהים,2,47,41,3.7
641407-אלמתנבי,ירושלים,העיר ירושלים,ערבי,ענאן קאסם,עאסם חסונה,4,109,28,3.8
641415-רוואד אלקודס,ירושלים,העיר ירושלים,ערבי,ענאן קאסם,נארימן אלתאג'י,4,113,106,3.8
641464-אבדאע לאומניות.,ירושלים,העיר ירושלים,ערבי,נגוהה פרחאת,מלחם בדר,3,68,59,1.6
"641480-אולפנת בנ""ע שילה",מטה בנימין,ירושלים,יהודי,יעקב עמר,הדר ברינדל אטון,4,112,81,2.4
"641498-ישיבה תיכונית בנ""ע עלי",מטה בנימין,ירושלים,יהודי,יעקב עמר,עובדיה בן משה,3,65,54,4.1
641522-על יסודי אדם,ירושלים,העיר ירושלים,יהודי,דוד נמרוד-סימרוט,הילה מור,3,54,0,0.0
641563-תיכון דרך,ירושלים,העיר ירושלים,יהודי,דוד נמרוד-סימרוט,יפעת נדב,3,61,39,1.0
641662-תבל תיכון רמות,ירושלים,העיר ירושלים,יהודי,דוד נמרוד-סימרוט,גילי סלומון,3,43,40,4.5
645424-ניסוי ארגנטינה,ירושלים,העיר ירושלים,יהודי,דוד נמרוד-סימרוט,גיל הלר,2,45,34,1.5
645986-בית הספר האמריקאי יר,ירושלים,העיר ירושלים,ערבי,ענאן קאסם,אליזבט רייצ'ל אלבום,1,14,0,0.0
650028-אלקימה,ירושלים,העיר ירושלים,ערבי,ענאן קאסם,יאסמין בלעום,2,40,18,4.0
650523-אולפנת בית אל,בית אל,ירושלים,יהודי,יעקב עמר,רעות רוחמה טסלר,3,82,73,2.9
668962-אלביאן מקיף,ירושלים,העיר ירושלים,ערבי,רנה ח'לף,ראשה ג'בר,2,51,44,2.2
"673822-התיכון הנכו""ן",מטה בנימין,ירושלים,יהודי,ציפי יעקב,רונית ברק,5,133,124,2.6
"678433-ב""ס אלחסאד",ירושלים,העיר ירושלים,ערבי,נגוהה פרחאת,אשרף מגאהד,3,104,0,0.0
681288-תיכון לביא,מטה בנימין,ירושלים,יהודי,יעקב עמר,אברהם קימל,2,46,4,1.8
682351-מסע,ירושלים,העיר ירושלים,יהודי,שרה טוויל,-,2,57,0,0.0
715623-מקיף אלסלעה,ירושלים,העיר ירושלים,ערבי,רנה ח'לף,ולאא גול,3,88,42,3.5
722298-בית ספר יחיאל,מטה יהודה,ירושלים,יהודי,ליאת אלהרר כהן,יוסף סופר,1,19,0,0.0
729145-בית ספר דאר אלהודה אלנמודג'יה,ירושלים,העיר ירושלים,ערבי,ענאן קאסם,חמזה קיסי,2,64,0,0.0
743369-טרה סנטה בית חנינא,ירושלים,העיר ירושלים,ערבי,מחמד אזברגה,גורג אבו סעדה,1,16,15,3.9
747360-בית ספר יסודי אלסלאם,ירושלים,העיר ירושלים,ערבי,ח'לדון האדיה,סלאח יונס,2,58,0,0.0
759134-סדנת שילוב יובלים,גוש עציון,ירושלים,יהודי,יעקב מאיר קושלבסקי,ימימה ספרא,1,6,0,0.0
"770727-אולפנת בנ""ע טל רמות",ירושלים,העיר ירושלים,יהודי,שרה טוויל,יסכה לב,2,59,19,1.3
771089-התיכון הניסויי,ירושלים,העיר ירושלים,יהודי,דוד נמרוד-סימרוט,גיל שלה,3,58,43,1.5
